"subject","equivalent","spdxurl","OPLabel","SPDXLabel","OPid","SPDXid","BestMatch","LabelID","MinDistance"
"http://publications.europa.eu/resource/authority/licence/0BSD","https://opensource.org/licenses/0BSD","https://spdx.org/licenses/0BSD","Zero-Clause BSD / Free Public License 1.0.0 (0BSD)","BSD Zero Clause License","0BSD","0BSD","0BSD","ID","0.0e0"
"http://publications.europa.eu/resource/authority/licence/AGPL_3_0","https://opensource.org/licenses/AGPL-3.0","https://spdx.org/licenses/AGPL-3.0","GNU Affero General Public License version 3","GNU Affero General Public License v3.0","AGPL-3-0","AGPL-3-0","AGPL-3-0","ID","0.0e0"
"http://publications.europa.eu/resource/authority/licence/APACHE_1_1","https://opensource.org/licenses/Apache-1.1","https://spdx.org/licenses/Apache-1.1","Apache Software License, version 1.1 (Apache-1.1)","Apache License 1.1","APACHE-1-1","APACHE-1-1","APACHE-1-1","ID","0.0e0"
"http://publications.europa.eu/resource/authority/licence/APACHE_2_0","https://opensource.org/licenses/Apache-2.0","https://spdx.org/licenses/Apache-2.0","Apache License, Version 2.0","Apache License 2.0","APACHE-2-0","APACHE-2-0","APACHE-2-0","ID","0.0e0"
"http://publications.europa.eu/resource/authority/licence/ARTISTIC_1_0","https://opensource.org/licenses/Artistic-1.0","https://spdx.org/licenses/Artistic-1.0","Artistic License 1.0 (Artistic-1.0)","Artistic License 1.0","ARTISTIC-1-0","ARTISTIC-1-0","ARTISTIC-1-0","ID","0.0e0"
"http://publications.europa.eu/resource/authority/licence/APL_1_0","https://opensource.org/licenses/APL-1.0","https://spdx.org/licenses/APL-1.0","Adaptive Public License 1.0","Adaptive Public License 1.0","APL-1-0","APL-1-0","Adaptive Public License 1.0","Label","0.0e0"
"http://publications.europa.eu/resource/authority/licence/APSL_2_0","https://opensource.org/licenses/APSL-2.0","https://spdx.org/licenses/APSL-2.0","Apple Public Source License 2.0","Apple Public Source License 2.0","APSL-2-0","APSL-2-0","Apple Public Source License 2.0","Label","0.0e0"
"http://publications.europa.eu/resource/authority/licence/ARTISTIC_2_0","https://opensource.org/licenses/Artistic-2.0","https://spdx.org/licenses/Artistic-2.0","Artistic License 2.0","Artistic License 2.0","ARTISTIC-2-0","ARTISTIC-2-0","Artistic License 2.0","Label","0.0e0"
"http://publications.europa.eu/resource/authority/licence/BSD_2_CLAUSE","https://opensource.org/licenses/BSD-2-Clause","https://spdx.org/licenses/BSD-2-Clause","2-Clause BSD License","BSD 2-Clause ""Simplified"" License","BSD-2-CLAUSE","BSD-2-CLAUSE","BSD-2-CLAUSE","ID","0.0e0"
"http://publications.europa.eu/resource/authority/licence/BSD_3_CLAUSE","https://opensource.org/licenses/BSD-3-Clause","https://spdx.org/licenses/BSD-3-Clause","3-Clause BSD License","BSD 3-Clause ""New"" or ""Revised"" License","BSD-3-CLAUSE","BSD-3-CLAUSE","BSD-3-CLAUSE","ID","0.0e0"
"http://publications.europa.eu/resource/authority/licence/BSD_3_CLAUSE_LBNL","https://opensource.org/licenses/BSD-3-Clause-LBNL","https://spdx.org/licenses/BSD-3-Clause-LBNL","Lawrence Berkeley National Labs BSD Variant License (BSD-3-Clause-LBNL)","Lawrence Berkeley National Labs BSD variant license","BSD-3-CLAUSE-LBNL","BSD-3-CLAUSE-LBNL","BSD-3-CLAUSE-LBNL","ID","0.0e0"
"http://publications.europa.eu/resource/authority/licence/BSL_1_0","https://opensource.org/licenses/BSL-1.0","https://spdx.org/licenses/BSL-1.0","Boost Software License 1.0","Boost Software License 1.0","BSL-1-0","BSL-1-0","Boost Software License 1.0","Label","0.0e0"
"http://publications.europa.eu/resource/authority/licence/CATOSL_1_1","https://opensource.org/licenses/CATOSL-1.1","https://spdx.org/licenses/CATOSL-1.1","Computer Associates Trusted Open Source License 1.1 (CATOSL-1.1)","Computer Associates Trusted Open Source License 1.1","CATOSL-1-1","CATOSL-1-1","CATOSL-1-1","ID","0.0e0"
"http://publications.europa.eu/resource/authority/licence/CC_BY_3_0_AT","https://creativecommons.org/licenses/by/3.0/at/legalcode","https://spdx.org/licenses/CC-BY-3.0-AT","Attribution 3.0 Austria","Creative Commons Attribution 3.0 Austria","CC-BY-3-0-AT","CC-BY-3-0-AT","CC-BY-3-0-AT","ID","0.0e0"
"http://publications.europa.eu/resource/authority/licence/CC_BY_3_0_NL","http://creativecommons.org/licenses/by/3.0/nl/legalcode","https://spdx.org/licenses/CC-BY-3.0-NL","Attribution 3.0 Netherlands","Creative Commons Attribution 3.0 Netherlands","CC-BY-3-0-NL","CC-BY-3-0-NL","CC-BY-3-0-NL","ID","0.0e0"
"http://publications.europa.eu/resource/authority/licence/CECILL_2_1","https://opensource.org/licenses/CECILL-2.1","https://spdx.org/licenses/CECILL-2.1","CEA CNRS Inria Free Software License Agreement, v2.1 (CECILL-2.1)","CeCILL Free Software License Agreement v2.1","CECILL-2-1","CECILL-2-1","CECILL-2-1","ID","0.0e0"
"http://publications.europa.eu/resource/authority/licence/CNRI_PYTHON","https://opensource.org/licenses/CNRI-Python","https://spdx.org/licenses/CNRI-Python","The CNRI portion of the multi-part Python License (CNRI-Python)","CNRI Python License","CNRI-PYTHON","CNRI-PYTHON","CNRI-PYTHON","ID","0.0e0"
"http://publications.europa.eu/resource/authority/licence/CPAL_1_0","https://opensource.org/licenses/CPAL-1.0","https://spdx.org/licenses/CPAL-1.0","Common Public Attribution License Version 1.0 (CPAL-1.0)","Common Public Attribution License 1.0","CPAL-1-0","CPAL-1-0","CPAL-1-0","ID","0.0e0"
"http://publications.europa.eu/resource/authority/licence/CPL_1_0","https://opensource.org/licenses/CPL-1.0","https://spdx.org/licenses/CPL-1.0","Common Public License, version 1.0 (CPL-1.0)","Common Public License 1.0","CPL-1-0","CPL-1-0","CPL-1-0","ID","0.0e0"
"http://publications.europa.eu/resource/authority/licence/CDDL_1_0","https://opensource.org/licenses/CDDL-1.0","https://spdx.org/licenses/CDDL-1.0","Common Development and Distribution License 1.0","Common Development and Distribution License 1.0","CDDL-1-0","CDDL-1-0","Common Development and Distribution License 1.0","Label","0.0e0"
"http://publications.europa.eu/resource/authority/licence/CC_BY_1_0","http://creativecommons.org/licenses/by/1.0/","https://spdx.org/licenses/CC-BY-1.0","Creative Commons Attribution 1.0 Generic","Creative Commons Attribution 1.0 Generic","CC-BY-1-0","CC-BY-1-0","Creative Commons Attribution 1.0 Generic","Label","0.0e0"
"http://publications.europa.eu/resource/authority/licence/CC_BY_2_0","http://creativecommons.org/licenses/by/2.0/","https://spdx.org/licenses/CC-BY-2.0","Creative Commons Attribution 2.0 Generic","Creative Commons Attribution 2.0 Generic","CC-BY-2-0","CC-BY-2-0","Creative Commons Attribution 2.0 Generic","Label","0.0e0"
"http://publications.europa.eu/resource/authority/licence/CC_BY_2_5","http://creativecommons.org/licenses/by/2.5/","https://spdx.org/licenses/CC-BY-2.5","Creative Commons Attribution 2.5 Generic","Creative Commons Attribution 2.5 Generic","CC-BY-2-5","CC-BY-2-5","Creative Commons Attribution 2.5 Generic","Label","0.0e0"
"http://publications.europa.eu/resource/authority/licence/CC_BY_3_0","http://creativecommons.org/licenses/by/3.0/","https://spdx.org/licenses/CC-BY-3.0","Creative Commons Attribution 3.0 Unported","Creative Commons Attribution 3.0 Unported","CC-BY-3-0","CC-BY-3-0","Creative Commons Attribution 3.0 Unported","Label","0.0e0"
"http://publications.europa.eu/resource/authority/licence/CC_BY",,"https://spdx.org/licenses/CC-BY-4.0","Creative Commons Attribution 4.0 International","Creative Commons Attribution 4.0 International","CC-BY","CC-BY-4-0","Creative Commons Attribution 4.0 International","Label","0.0e0"
"http://publications.europa.eu/resource/authority/licence/CC_BY_4_0","http://creativecommons.org/licenses/by/4.0/","https://spdx.org/licenses/CC-BY-4.0","Creative Commons Attribution 4.0 International","Creative Commons Attribution 4.0 International","CC-BY-4-0","CC-BY-4-0","Creative Commons Attribution 4.0 International","Label","0.0e0"
"http://publications.europa.eu/resource/authority/licence/ECL_1_0","https://opensource.org/licenses/ECL-1.0","https://spdx.org/licenses/ECL-1.0","Educational Community License version 1.0 (ECL-1.0)","Educational Community License v1.0","ECL-1-0","ECL-1-0","ECL-1-0","ID","0.0e0"
"http://publications.europa.eu/resource/authority/licence/ECL_2_0","https://opensource.org/licenses/ECL-2.0","https://spdx.org/licenses/ECL-2.0","Educational Community License version 2.0 (ECL-2.0)","Educational Community License v2.0","ECL-2-0","ECL-2-0","ECL-2-0","ID","0.0e0"
"http://publications.europa.eu/resource/authority/licence/ECOS_2_0","https://opensource.org/licenses/eCos-2.0","https://spdx.org/licenses/eCos-2.0","eCos License version 2.0","eCos license version 2.0","ECOS-2-0","ECOS-2-0","ECOS-2-0","ID","0.0e0"
"http://publications.europa.eu/resource/authority/licence/EFL_1_0","https://opensource.org/licenses/EFL-1.0","https://spdx.org/licenses/EFL-1.0","The Eiffel Forum License, version 1 (EFL-1.0)","Eiffel Forum License v1.0","EFL-1-0","EFL-1-0","EFL-1-0","ID","0.0e0"
"http://publications.europa.eu/resource/authority/licence/ENTESSA","https://opensource.org/licenses/Entessa","https://spdx.org/licenses/Entessa","Entessa Public License Version 1.0 (Entessa)","Entessa Public License v1.0","ENTESSA","ENTESSA","ENTESSA","ID","0.0e0"
"http://publications.europa.eu/resource/authority/licence/EPL_1_0","https://opensource.org/licenses/EPL-1.0","https://spdx.org/licenses/EPL-1.0","Eclipse Public License 1.0 (EPL-1.0)","Eclipse Public License 1.0","EPL-1-0","EPL-1-0","EPL-1-0","ID","0.0e0"
"http://publications.europa.eu/resource/authority/licence/EPL_2_0","https://opensource.org/licenses/EPL-2.0","https://spdx.org/licenses/EPL-2.0","Eclipse Public License version 2.0","Eclipse Public License 2.0","EPL-2-0","EPL-2-0","EPL-2-0","ID","0.0e0"
"http://publications.europa.eu/resource/authority/licence/ETALAB_2_0","https://www.etalab.gouv.fr/licence-ouverte-open-licence/","https://spdx.org/licenses/etalab-2.0","Etalab Open Licence V 2.0","Etalab Open License 2.0","ETALAB-2-0","ETALAB-2-0","ETALAB-2-0","ID","0.0e0"
"http://publications.europa.eu/resource/authority/licence/EUPL_1_0","http://ec.europa.eu/idabc/en/document/7330.html","https://spdx.org/licenses/EUPL-1.0","European Union Public Licence v.1.0","European Union Public License 1.0","EUPL-1-0","EUPL-1-0","EUPL-1-0","ID","0.0e0"
"http://publications.europa.eu/resource/authority/licence/EUPL_1_1","https://joinup.ec.europa.eu/collection/eupl/eupl-text-11-12","https://spdx.org/licenses/EUPL-1.1","European Union Public Licence v. 1.1","European Union Public License 1.1","EUPL-1-1","EUPL-1-1","EUPL-1-1","ID","0.0e0"
"http://publications.europa.eu/resource/authority/licence/EUPL_1_2","https://joinup.ec.europa.eu/collection/eupl/eupl-text-11-12","https://spdx.org/licenses/EUPL-1.2","European Union Public Licence v. 1.2","European Union Public License 1.2","EUPL-1-2","EUPL-1-2","EUPL-1-2","ID","0.0e0"
"http://publications.europa.eu/resource/authority/licence/FAIR","https://opensource.org/licenses/Fair","https://spdx.org/licenses/Fair","Fair License (Fair)","Fair License","FAIR","FAIR","FAIR","ID","0.0e0"
"http://publications.europa.eu/resource/authority/licence/FRAMEWORX_1_0","https://opensource.org/licenses/Frameworx-1.0","https://spdx.org/licenses/Frameworx-1.0","Frameworx License 1.0 (Frameworx-1.0)","Frameworx Open License 1.0","FRAMEWORX-1-0","FRAMEWORX-1-0","FRAMEWORX-1-0","ID","0.0e0"
"http://publications.europa.eu/resource/authority/licence/GPL_2_0","https://opensource.org/licenses/GPL-2.0","https://spdx.org/licenses/GPL-2.0","GNU General Public License version 2","GNU General Public License v2.0 only","GPL-2-0","GPL-2-0","GPL-2-0","ID","0.0e0"
"http://publications.europa.eu/resource/authority/licence/GPL_3_0","https://opensource.org/licenses/GPL-3.0","https://spdx.org/licenses/GPL-3.0","GNU General Public License version 3","GNU General Public License v3.0 only","GPL-3-0","GPL-3-0","GPL-3-0","ID","0.0e0"
"http://publications.europa.eu/resource/authority/licence/HPND","https://opensource.org/licenses/HPND","https://spdx.org/licenses/HPND","Historical Permission Notice and Disclaimer (HPND)","Historical Permission Notice and Disclaimer","HPND","HPND","HPND","ID","0.0e0"
"http://publications.europa.eu/resource/authority/licence/IPA","https://opensource.org/licenses/IPA","https://spdx.org/licenses/IPA","IPA Font License (IPA)","IPA Font License","IPA","IPA","IPA","ID","0.0e0"
"http://publications.europa.eu/resource/authority/licence/IPL_1_0","https://opensource.org/licenses/IPL-1.0","https://spdx.org/licenses/IPL-1.0","IBM Public License Version 1.0 (IPL-1.0)","IBM Public License v1.0","IPL-1-0","IPL-1-0","IPL-1-0","ID","0.0e0"
"http://publications.europa.eu/resource/authority/licence/ISC","https://opensource.org/licenses/ISC","https://spdx.org/licenses/ISC","ISC License (ISC)","ISC License","ISC","ISC","ISC","ID","0.0e0"
"http://publications.europa.eu/resource/authority/licence/LGPL_2_1","https://opensource.org/licenses/LGPL-2.1","https://spdx.org/licenses/LGPL-2.1","GNU Lesser General Public License version 2.1","GNU Lesser General Public License v2.1 only","LGPL-2-1","LGPL-2-1","LGPL-2-1","ID","0.0e0"
"http://publications.europa.eu/resource/authority/licence/LGPL_3_0","https://opensource.org/licenses/LGPL-3.0","https://spdx.org/licenses/LGPL-3.0","GNU Lesser General Public License version 3","GNU Lesser General Public License v3.0 only","LGPL-3-0","LGPL-3-0","LGPL-3-0","ID","0.0e0"
"http://publications.europa.eu/resource/authority/licence/LILIQ_P_1_1","https://opensource.org/licenses/LiLiQ-P-1.1","https://spdx.org/licenses/LiLiQ-P-1.1","Québec Free and Open-Source Licence – Permissive (LiLiQ-P) version 1.1","Licence Libre du Québec – Permissive version 1.1","LILIQ-P-1-1","LILIQ-P-1-1","LILIQ-P-1-1","ID","0.0e0"
"http://publications.europa.eu/resource/authority/licence/LILIQ_R_1_1","https://opensource.org/licenses/LiLiQ-R-1.1","https://spdx.org/licenses/LiLiQ-R-1.1","Québec Free and Open-Source Licence – Reciprocity (LiLiQ-R) version 1.1","Licence Libre du Québec – Réciprocité version 1.1","LILIQ-R-1-1","LILIQ-R-1-1","LILIQ-R-1-1","ID","0.0e0"
"http://publications.europa.eu/resource/authority/licence/LILIQ_RPLUS_1_1","https://opensource.org/licenses/LiLiQ-Rplus-1.1","https://spdx.org/licenses/LiLiQ-Rplus-1.1","Québec Free and Open-Source Licence – Strong Reciprocity (LiLiQ-R+) version 1.1","Licence Libre du Québec – Réciprocité forte version 1.1","LILIQ-RPLUS-1-1","LILIQ-RPLUS-1-1","LILIQ-RPLUS-1-1","ID","0.0e0"
"http://publications.europa.eu/resource/authority/licence/LPL_1_0","https://opensource.org/licenses/LPL-1.0","https://spdx.org/licenses/LPL-1.0","Lucent Public License, Plan 9, version 1.0 (LPL-1.0)","Lucent Public License Version 1.0","LPL-1-0","LPL-1-0","LPL-1-0","ID","0.0e0"
"http://publications.europa.eu/resource/authority/licence/LPL_1_02","https://opensource.org/licenses/LPL-1.02","https://spdx.org/licenses/LPL-1.02","Lucent Public License Version 1.02 (LPL-1.02)","Lucent Public License v1.02","LPL-1-02","LPL-1-02","LPL-1-02","ID","0.0e0"
"http://publications.europa.eu/resource/authority/licence/LPPL_1_3C","https://opensource.org/licenses/LPPL-1.3c","https://spdx.org/licenses/LPPL-1.3c","LaTeX Project Public License v1.3c (LPPL-1.3c)","LaTeX Project Public License v1.3c","LPPL-1-3C","LPPL-1-3C","LPPL-1-3C","ID","0.0e0"
"http://publications.europa.eu/resource/authority/licence/MIROS","https://opensource.org/licenses/MS-RL","https://spdx.org/licenses/MirOS","MirOS License (MirOS)","The MirOS Licence","MIROS","MIROS","MIROS","ID","0.0e0"
"http://publications.europa.eu/resource/authority/licence/MIT","https://opensource.org/licenses/MIT","https://spdx.org/licenses/MIT","The MIT License","MIT License","MIT","MIT","MIT","ID","0.0e0"
"http://publications.europa.eu/resource/authority/licence/MOTOSOTO","https://opensource.org/licenses/Motosoto","https://spdx.org/licenses/Motosoto","Motosoto Open Source License – Version 0.9.1 (Motosoto)","Motosoto License","MOTOSOTO","MOTOSOTO","MOTOSOTO","ID","0.0e0"
"http://publications.europa.eu/resource/authority/licence/MPL_1_0","https://opensource.org/licenses/MPL-1.0","https://spdx.org/licenses/MPL-1.0","The Mozilla Public License (MPL), version 1.0 (MPL-1.0)","Mozilla Public License 1.0","MPL-1-0","MPL-1-0","MPL-1-0","ID","0.0e0"
"http://publications.europa.eu/resource/authority/licence/MPL_1_1","https://opensource.org/licenses/MPL-1.1","https://spdx.org/licenses/MPL-1.1","Mozilla Public License (MPL), version 1.1 (MPL-1.1)","Mozilla Public License 1.1","MPL-1-1","MPL-1-1","MPL-1-1","ID","0.0e0"
"http://publications.europa.eu/resource/authority/licence/MPL_2_0","https://opensource.org/licenses/MPL-2.0","https://spdx.org/licenses/MPL-2.0","Mozilla Public License (MPL), version 2.0 (MPL-2.0)","Mozilla Public License 2.0","MPL-2-0","MPL-2-0","MPL-2-0","ID","0.0e0"
"http://publications.europa.eu/resource/authority/licence/MS_PL","https://opensource.org/licenses/MS-PL","https://spdx.org/licenses/MS-PL","Microsoft Public License (MS-PL)","Microsoft Public License","MS-PL","MS-PL","MS-PL","ID","0.0e0"
"http://publications.europa.eu/resource/authority/licence/MS_RL","https://opensource.org/licenses/MS-RL","https://spdx.org/licenses/MS-RL","Microsoft Reciprocal License (MS-RL)","Microsoft Reciprocal License","MS-RL","MS-RL","MS-RL","ID","0.0e0"
"http://publications.europa.eu/resource/authority/licence/MULTICS","https://opensource.org/licenses/Multics","https://spdx.org/licenses/Multics","Multics License (Multics)","Multics License","MULTICS","MULTICS","MULTICS","ID","0.0e0"
"http://publications.europa.eu/resource/authority/licence/NASA_1_3","https://opensource.org/licenses/NASA-1.3","https://spdx.org/licenses/NASA-1.3","NASA Open Source Agreement v1.3 (NASA-1.3)","NASA Open Source Agreement 1.3","NASA-1-3","NASA-1-3","NASA-1-3","ID","0.0e0"
"http://publications.europa.eu/resource/authority/licence/NAUMEN","https://opensource.org/licenses/Naumen","https://spdx.org/licenses/Naumen","NAUMEN Public License (Naumen)","Naumen Public License","NAUMEN","NAUMEN","NAUMEN","ID","0.0e0"
"http://publications.europa.eu/resource/authority/licence/NCSA","https://opensource.org/licenses/NCSA","https://spdx.org/licenses/NCSA","The University of Illinois/NCSA Open Source License (NCSA)","University of Illinois/NCSA Open Source License","NCSA","NCSA","NCSA","ID","0.0e0"
"http://publications.europa.eu/resource/authority/licence/NGPL","https://opensource.org/licenses/NGPL","https://spdx.org/licenses/NGPL","The Nethack General Public License (NGPL)","Nethack General Public License","NGPL","NGPL","NGPL","ID","0.0e0"
"http://publications.europa.eu/resource/authority/licence/NLOD_1_0","http://data.norge.no/nlod/en/1.0","https://spdx.org/licenses/NLOD-1.0","Norwegian Licence for Open Government Data 1.0","Norwegian Licence for Open Government Data (NLOD) 1.0","NLOD-1-0","NLOD-1-0","NLOD-1-0","ID","0.0e0"
"http://publications.europa.eu/resource/authority/licence/NOKIA","https://opensource.org/licenses/NOKIA","https://spdx.org/licenses/Nokia","Nokia Open Source License Version 1.0a (NOKIA)","Nokia Open Source License","NOKIA","NOKIA","NOKIA","ID","0.0e0"
"http://publications.europa.eu/resource/authority/licence/NPOSL_3_0","https://opensource.org/licenses/NPOSL-3.0","https://spdx.org/licenses/NPOSL-3.0","The Non-Profit Open Software License version 3.0 (NPOSL-3.0)","Non-Profit Open Software License 3.0","NPOSL-3-0","NPOSL-3-0","NPOSL-3-0","ID","0.0e0"
"http://publications.europa.eu/resource/authority/licence/NTP","https://opensource.org/licenses/NTP","https://spdx.org/licenses/NTP","NTP License (NTP)","NTP License","NTP","NTP","NTP","ID","0.0e0"
"http://publications.europa.eu/resource/authority/licence/OGL_NC","http://www.nationalarchives.gov.uk/doc/non-commercial-government-licence/non-commercial-government-licence.htm","https://spdx.org/licenses/NCGL-UK-2.0","Non-Commercial Government Licence","Non-Commercial Government Licence","OGL-NC","NCGL-UK-2-0","Non-Commercial Government Licence","Label","0.0e0"
"http://publications.europa.eu/resource/authority/licence/NLOD_2_0","https://data.norge.no/nlod/en/2.0/","https://spdx.org/licenses/NLOD-2.0","Norwegian Licence for Open Government Data (NLOD) 2.0","Norwegian Licence for Open Government Data (NLOD) 2.0","NLOD-2-0","NLOD-2-0","Norwegian Licence for Open Government Data (NLOD) 2.0","Label","0.0e0"
"http://publications.europa.eu/resource/authority/licence/OCLC_2_0","https://opensource.org/licenses/OCLC-2.0","https://spdx.org/licenses/OCLC-2.0","The OCLC Research Public License 2.0 License (OCLC-2.0)","OCLC Research Public License 2.0","OCLC-2-0","OCLC-2-0","OCLC-2-0","ID","0.0e0"
"http://publications.europa.eu/resource/authority/licence/OFL_1_1","https://opensource.org/licenses/OFL-1.1","https://spdx.org/licenses/OFL-1.1","SIL Open Font License (OFL-1.1)","SIL Open Font License 1.1","OFL-1-1","OFL-1-1","OFL-1-1","ID","0.0e0"
"http://publications.europa.eu/resource/authority/licence/OGTSL","https://opensource.org/licenses/OGTSL","https://spdx.org/licenses/OGTSL","The Open Group Test Suite License (OGTSL)","Open Group Test Suite License","OGTSL","OGTSL","OGTSL","ID","0.0e0"
"http://publications.europa.eu/resource/authority/licence/OPL_2_1","https://opensource.org/licenses/OPL-2.1","https://spdx.org/licenses/OSET-PL-2.1","OSET Public License version 2.1","OSET Public License version 2.1","OPL-2-1","OSET-PL-2-1","OSET Public License version 2.1","Label","0.0e0"
"http://publications.europa.eu/resource/authority/licence/OSL_1_0","https://opensource.org/licenses/OSL-1.0","https://spdx.org/licenses/OSL-1.0","Open Software License, version 1.0 (OSL-1.0)","Open Software License 1.0","OSL-1-0","OSL-1-0","OSL-1-0","ID","0.0e0"
"http://publications.europa.eu/resource/authority/licence/OSL_2_1","https://opensource.org/licenses/OSL-2.1","https://spdx.org/licenses/OSL-2.1","The Open Software License, version 2.1 (OSL-2.1)","Open Software License 2.1","OSL-2-1","OSL-2-1","OSL-2-1","ID","0.0e0"
"http://publications.europa.eu/resource/authority/licence/OSL_3_0","https://opensource.org/licenses/OSL-3.0","https://spdx.org/licenses/OSL-3.0","Open Software License, version 3.0 (OSL-3.0)","Open Software License 3.0","OSL-3-0","OSL-3-0","OSL-3-0","ID","0.0e0"
"http://publications.europa.eu/resource/authority/licence/ODC_BY","http://opendatacommons.org/licenses/by/1.0/","https://spdx.org/licenses/ODC-By-1.0","Open Data Commons Attribution License v1.0","Open Data Commons Attribution License v1.0","ODC-BY","ODC-BY-1-0","Open Data Commons Attribution License v1.0","Label","0.0e0"
"http://publications.europa.eu/resource/authority/licence/ODC_BL","http://opendatacommons.org/licenses/odbl/1.0/","https://spdx.org/licenses/ODbL-1.0","Open Data Commons Open Database License v1.0","Open Data Commons Open Database License v1.0","ODC-BL","ODBL-1-0","Open Data Commons Open Database License v1.0","Label","0.0e0"
"http://publications.europa.eu/resource/authority/licence/PHP_3_0","https://opensource.org/licenses/PHP-3.0","https://spdx.org/licenses/PHP-3.0","The PHP License 3.0 (PHP-3.0)","PHP License v3.0","PHP-3-0","PHP-3-0","PHP-3-0","ID","0.0e0"
"http://publications.europa.eu/resource/authority/licence/PYTHON_2_0","https://opensource.org/licenses/Python-2.0","https://spdx.org/licenses/Python-2.0","Python License (Python-2.0)","Python License 2.0","PYTHON-2-0","PYTHON-2-0","PYTHON-2-0","ID","0.0e0"
"http://publications.europa.eu/resource/authority/licence/QPL_1_0","https://opensource.org/licenses/QPL-1.0","https://spdx.org/licenses/QPL-1.0","The Q Public License Version (QPL-1.0)","Q Public License 1.0","QPL-1-0","QPL-1-0","QPL-1-0","ID","0.0e0"
"http://publications.europa.eu/resource/authority/licence/RPL_1_1","https://opensource.org/licenses/RPL-1.1","https://spdx.org/licenses/RPL-1.1","Reciprocal Public License, version 1.1","Reciprocal Public License 1.1","RPL-1-1","RPL-1-1","RPL-1-1","ID","0.0e0"
"http://publications.europa.eu/resource/authority/licence/RPL_1_5","https://opensource.org/licenses/RPL-1.5","https://spdx.org/licenses/RPL-1.5","Reciprocal Public License 1.5 (RPL-1.5)","Reciprocal Public License 1.5","RPL-1-5","RPL-1-5","RPL-1-5","ID","0.0e0"
"http://publications.europa.eu/resource/authority/licence/RPSL_1_0","https://opensource.org/licenses/RPSL-1.0","https://spdx.org/licenses/RPSL-1.0","RealNetworks Public Source License Version 1.0 (RPSL-1.0)","RealNetworks Public Source License v1.0","RPSL-1-0","RPSL-1-0","RPSL-1-0","ID","0.0e0"
"http://publications.europa.eu/resource/authority/licence/RSCPL","https://opensource.org/licenses/RSCPL","https://spdx.org/licenses/RSCPL","The Ricoh Source Code Public License (RSCPL)","Ricoh Source Code Public License","RSCPL","RSCPL","RSCPL","ID","0.0e0"
"http://publications.europa.eu/resource/authority/licence/SIMPL_2_0","https://opensource.org/licenses/SimPL-2.0","https://spdx.org/licenses/SimPL-2.0","Simple Public License (SimPL-2.0)","Simple Public License 2.0","SIMPL-2-0","SIMPL-2-0","SIMPL-2-0","ID","0.0e0"
"http://publications.europa.eu/resource/authority/licence/SLEEPYCAT","https://opensource.org/licenses/Sleepycat","https://spdx.org/licenses/Sleepycat","The Sleepycat License (Sleepycat)","Sleepycat License","SLEEPYCAT","SLEEPYCAT","SLEEPYCAT","ID","0.0e0"
"http://publications.europa.eu/resource/authority/licence/SPL_1_0","https://opensource.org/licenses/SPL-1.0","https://spdx.org/licenses/SPL-1.0","Sun Public License Version 1.0 (SPL-1.0)","Sun Public License v1.0","SPL-1-0","SPL-1-0","SPL-1-0","ID","0.0e0"
"http://publications.europa.eu/resource/authority/licence/UPL_1_0","https://opensource.org/licenses/UPL","https://spdx.org/licenses/UPL-1.0","The Universal Permissive License (UPL), Version 1.0","Universal Permissive License v1.0","UPL-1-0","UPL-1-0","UPL-1-0","ID","0.0e0"
"http://publications.europa.eu/resource/authority/licence/UCL_1_0","https://opensource.org/licenses/UCL-1.0","https://spdx.org/licenses/UCL-1.0","Upstream Compatibility License v1.0","Upstream Compatibility License v1.0","UCL-1-0","UCL-1-0","Upstream Compatibility License v1.0","Label","0.0e0"
"http://publications.europa.eu/resource/authority/licence/VSL_1_0","https://opensource.org/licenses/VSL-1.0","https://spdx.org/licenses/VSL-1.0","The Vovida Software License v. 1.0 (VSL-1.0)","Vovida Software License v1.0","VSL-1-0","VSL-1-0","VSL-1-0","ID","0.0e0"
"http://publications.europa.eu/resource/authority/licence/W3C","https://opensource.org/licenses/W3C","https://spdx.org/licenses/W3C","The W3C Software Notice and License (W3C)","W3C Software Notice and License (2002-12-31)","W3C","W3C","W3C","ID","0.0e0"
"http://publications.europa.eu/resource/authority/licence/WATCOM_1_0","https://opensource.org/licenses/Watcom-1.0","https://spdx.org/licenses/Watcom-1.0","The Sybase Open Source Licence (Watcom-1.0)","Sybase Open Watcom Public License 1.0","WATCOM-1-0","WATCOM-1-0","WATCOM-1-0","ID","0.0e0"
"http://publications.europa.eu/resource/authority/licence/WXWINDOWS","https://opensource.org/licenses/WXwindows","https://spdx.org/licenses/wxWindows","The wxWindows Library Licence (wxWindows)","wxWindows Library License","WXWINDOWS","WXWINDOWS","WXWINDOWS","ID","0.0e0"
"http://publications.europa.eu/resource/authority/licence/XNET","https://opensource.org/licenses/Xnet","https://spdx.org/licenses/Xnet","The X.Net, Inc. License (Xnet)","X.Net License","XNET","XNET","XNET","ID","0.0e0"
"http://publications.europa.eu/resource/authority/licence/ZLIB","https://opensource.org/licenses/Zlib","https://spdx.org/licenses/Zlib","The zlib/libpng License (Zlib)","zlib License","ZLIB","ZLIB","ZLIB","ID","0.0e0"
"http://publications.europa.eu/resource/authority/licence/ZPL_2_0","https://opensource.org/licenses/ZPL-2.0","https://spdx.org/licenses/ZPL-2.0","The Zope Public License Version 2.0 (ZPL-2.0)","Zope Public License 2.0","ZPL-2-0","ZPL-2-0","ZPL-2-0","ID","0.0e0"
"http://publications.europa.eu/resource/authority/licence/DLDE_BY_2_0","https://www.govdata.de/dl-de/by-2-0","https://spdx.org/licenses/DL-DE-BY-2.0","Data licence Germany – attribution – Version 2.0","Data licence Germany – attribution – version 2.0","DLDE-BY-2-0","DL-DE-BY-2-0","Data licence Germany – attribution – version 2.0","Label","0.0576923076923076e0"
"http://publications.europa.eu/resource/authority/licence/OGL_ROU_1_0","http://data.gov.ro/base/images/logoinst/OGL-ROU-1.0.pdf","https://spdx.org/licenses/NCGL-UK-2.0","Non-Commercial Government Licence 1.0","Non-Commercial Government Licence","OGL-ROU-1-0","NCGL-UK-2-0","Non-Commercial Government Licence","Label","0.05887605188567979e0"
"http://publications.europa.eu/resource/authority/licence/ODC_PDDL","http://opendatacommons.org/licenses/pddl/1.0/","https://spdx.org/licenses/PDDL-1.0","Open Data Commons Public Domain Dedication and License 1.0","Open Data Commons Public Domain Dedication & License 1.0","ODC-PDDL","PDDL-1-0","Open Data Commons Public Domain Dedication & License 1.0","Label","0.07003231159473478e0"
"http://publications.europa.eu/resource/authority/licence/CC_BYND",,"https://spdx.org/licenses/CC-BY-ND-4.0","Creative Commons Attribution–NoDerivatives 4.0 International","Creative Commons Attribution No Derivatives 4.0 International","CC-BYND","CC-BY-ND-4-0","Creative Commons Attribution No Derivatives 4.0 International","Label","0.07584009106068901e0"
"http://publications.europa.eu/resource/authority/licence/CC_BYND_4_0","http://creativecommons.org/licenses/by-nd/4.0/","https://spdx.org/licenses/CC-BY-ND-4.0","Creative Commons Attribution–NoDerivatives 4.0 International","Creative Commons Attribution No Derivatives 4.0 International","CC-BYND-4-0","CC-BY-ND-4-0","Creative Commons Attribution No Derivatives 4.0 International","Label","0.07584009106068901e0"
"http://publications.europa.eu/resource/authority/licence/GNU_FDL_1_1","https://gnu.org/licenses/old-licenses/fdl-1.1","https://spdx.org/licenses/GFDL-1.1","GNU Free Documentation License 1.1","GNU Free Documentation License v1.1","GNU-FDL-1-1","GFDL-1-1","GNU Free Documentation License v1.1","Label","0.07681381765500461e0"
"http://publications.europa.eu/resource/authority/licence/GNU_FDL_1_2","ttps://gnu.org/licenses/old-licenses/fdl-1.2","https://spdx.org/licenses/GFDL-1.2","GNU Free Documentation License 1.2","GNU Free Documentation License v1.2","GNU-FDL-1-2","GFDL-1-2","GNU Free Documentation License v1.2","Label","0.07681381765500461e0"
"http://publications.europa.eu/resource/authority/licence/GNU_FDL_1_3","http://www.gnu.org/licenses/licenses.html","https://spdx.org/licenses/GFDL-1.3","GNU Free Documentation License 1.3","GNU Free Documentation License v1.3","GNU-FDL-1-3","GFDL-1-3","GNU Free Documentation License v1.3","Label","0.07681381765500461e0"
"http://publications.europa.eu/resource/authority/licence/GNU_FDL","http://www.gnu.org/licenses/licenses.html","https://spdx.org/licenses/GFDL-1.1","GNU Free Documentation License","GNU Free Documentation License v1.1","GNU-FDL","GFDL-1-1","GNU Free Documentation License v1.1","Label","0.07886762705632344e0"
"http://publications.europa.eu/resource/authority/licence/GNU_FDL","http://www.gnu.org/licenses/licenses.html","https://spdx.org/licenses/GFDL-1.2","GNU Free Documentation License","GNU Free Documentation License v1.2","GNU-FDL","GFDL-1-2","GNU Free Documentation License v1.2","Label","0.07886762705632344e0"
"http://publications.europa.eu/resource/authority/licence/GNU_FDL","http://www.gnu.org/licenses/licenses.html","https://spdx.org/licenses/GFDL-1.3","GNU Free Documentation License","GNU Free Documentation License v1.3","GNU-FDL","GFDL-1-3","GNU Free Documentation License v1.3","Label","0.07886762705632344e0"
"http://publications.europa.eu/resource/authority/licence/CC_BYSA",,"https://spdx.org/licenses/CC-BY-SA-4.0","Creative Commons Attribution–ShareAlike 4.0 International","Creative Commons Attribution Share Alike 4.0 International","CC-BYSA","CC-BY-SA-4-0","Creative Commons Attribution Share Alike 4.0 International","Label","0.08940079931758782e0"
"http://publications.europa.eu/resource/authority/licence/CC_BYSA_4_0","http://creativecommons.org/licenses/by-sa/4.0/","https://spdx.org/licenses/CC-BY-SA-4.0","Creative Commons Attribution–ShareAlike 4.0 International","Creative Commons Attribution Share Alike 4.0 International","CC-BYSA-4-0","CC-BY-SA-4-0","Creative Commons Attribution Share Alike 4.0 International","Label","0.08940079931758782e0"
"http://publications.europa.eu/resource/authority/licence/CC_BYNC",,"https://spdx.org/licenses/CC-BY-NC-4.0","Creative Commons Attribution–NonCommercial 4.0 International","Creative Commons Attribution Non Commercial 4.0 International","CC-BYNC","CC-BY-NC-4-0","Creative Commons Attribution Non Commercial 4.0 International","Label","0.09162727071414467e0"
"http://publications.europa.eu/resource/authority/licence/CC_BYNC_4_0","http://creativecommons.org/licenses/by-nc/4.0/","https://spdx.org/licenses/CC-BY-NC-4.0","Creative Commons Attribution–NonCommercial 4.0 International","Creative Commons Attribution Non Commercial 4.0 International","CC-BYNC-4-0","CC-BY-NC-4-0","Creative Commons Attribution Non Commercial 4.0 International","Label","0.09162727071414467e0"
"http://publications.europa.eu/resource/authority/licence/OGL_1_0","http://www.nationalarchives.gov.uk/doc/open-government-licence/version/1/","https://spdx.org/licenses/OGL-UK-1.0","Open Government Licence 1.0","Open Government Licence v1.0","OGL-1-0","OGL-UK-1-0","Open Government Licence v1.0","Label","0.0978657783643535e0"
"http://publications.europa.eu/resource/authority/licence/OGL_2_0","http://www.nationalarchives.gov.uk/doc/open-government-licence/version/2/","https://spdx.org/licenses/OGL-UK-2.0","Open Government Licence 2.0","Open Government Licence v2.0","OGL-2-0","OGL-UK-2-0","Open Government Licence v2.0","Label","0.0978657783643535e0"
"http://publications.europa.eu/resource/authority/licence/OGL_3_0","http://www.nationalarchives.gov.uk/doc/open-government-licence/version/3/","https://spdx.org/licenses/OGL-UK-3.0","Open Government Licence 3.0","Open Government Licence v3.0","OGL-3-0","OGL-UK-3-0","Open Government Licence v3.0","Label","0.0978657783643535e0"
"http://publications.europa.eu/resource/authority/licence/CC_BYNC_3_0","http://creativecommons.org/licenses/by-nc/3.0/","https://spdx.org/licenses/CC-BY-NC-3.0","Creative Commons Attribution–NonCommercial 3.0 Unported","Creative Commons Attribution Non Commercial 3.0 Unported","CC-BYNC-3-0","CC-BY-NC-3-0","Creative Commons Attribution Non Commercial 3.0 Unported","Label","0.10845637891545212e0"
"http://publications.europa.eu/resource/authority/licence/CC_BYSA_3_0","http://creativecommons.org/licenses/by-sa/3.0/","https://spdx.org/licenses/CC-BY-SA-3.0","Creative Commons Attribution–ShareAlike 3.0 Unported","Creative Commons Attribution Share Alike 3.0 Unported","CC-BYSA-3-0","CC-BY-SA-3-0","Creative Commons Attribution Share Alike 3.0 Unported","Label","0.1088672113209933e0"
"http://publications.europa.eu/resource/authority/licence/CC_BYNC_1_0","http://creativecommons.org/licenses/by-nc/1.0/","https://spdx.org/licenses/CC-BY-NC-1.0","Creative Commons Attribution–NonCommercial 1.0 Generic","Creative Commons Attribution Non Commercial 1.0 Generic","CC-BYNC-1-0","CC-BY-NC-1-0","Creative Commons Attribution Non Commercial 1.0 Generic","Label","0.1102983159220986e0"
"http://publications.europa.eu/resource/authority/licence/CC_BYNC_2_0","http://creativecommons.org/licenses/by-nc/2.0/","https://spdx.org/licenses/CC-BY-NC-2.0","Creative Commons Attribution–NonCommercial 2.0 Generic","Creative Commons Attribution Non Commercial 2.0 Generic","CC-BYNC-2-0","CC-BY-NC-2-0","Creative Commons Attribution Non Commercial 2.0 Generic","Label","0.1102983159220986e0"
"http://publications.europa.eu/resource/authority/licence/CC_BYNC_2_5","http://creativecommons.org/licenses/by-nc/2.5/","https://spdx.org/licenses/CC-BY-NC-2.5","Creative Commons Attribution–NonCommercial 2.5 Generic","Creative Commons Attribution Non Commercial 2.5 Generic","CC-BYNC-2-5","CC-BY-NC-2-5","Creative Commons Attribution Non Commercial 2.5 Generic","Label","0.1102983159220986e0"
"http://publications.europa.eu/resource/authority/licence/CC_BYSA_1_0","http://creativecommons.org/licenses/by-sa/1.0/","https://spdx.org/licenses/CC-BY-SA-1.0","Creative Commons Attribution–ShareAlike 1.0 Generic","Creative Commons Attribution Share Alike 1.0 Generic","CC-BYSA-1-0","CC-BY-SA-1-0","Creative Commons Attribution Share Alike 1.0 Generic","Label","0.11106576079405461e0"
"http://publications.europa.eu/resource/authority/licence/CC_BYSA_2_0","http://creativecommons.org/licenses/by-sa/2.0/","https://spdx.org/licenses/CC-BY-SA-2.0","Creative Commons Attribution–ShareAlike 2.0 Generic","Creative Commons Attribution Share Alike 2.0 Generic","CC-BYSA-2-0","CC-BY-SA-2-0","Creative Commons Attribution Share Alike 2.0 Generic","Label","0.11106576079405461e0"
"http://publications.europa.eu/resource/authority/licence/CC_BYSA_2_5","http://creativecommons.org/licenses/by-sa/2.5/","https://spdx.org/licenses/CC-BY-SA-2.5","Creative Commons Attribution–ShareAlike 2.5 Generic","Creative Commons Attribution Share Alike 2.5 Generic","CC-BYSA-2-5","CC-BY-SA-2-5","Creative Commons Attribution Share Alike 2.5 Generic","Label","0.11106576079405461e0"
"http://publications.europa.eu/resource/authority/licence/DLDE_BY_1_0","https://www.govdata.de/dl-de/by-1-0","https://spdx.org/licenses/DL-DE-BY-2.0","Data licence Germany – attribution – Version 1.0","Data licence Germany – attribution – version 2.0","DLDE-BY-1-0","DL-DE-BY-2-0","Data licence Germany – attribution – version 2.0","Label","0.11538461538461531e0"
"http://publications.europa.eu/resource/authority/licence/CC_BYND_1_0","http://creativecommons.org/licenses/by-nd/1.0/","https://spdx.org/licenses/CC-BY-1.0","Creative Commons Attribution–NoDerivs 1.0 Generic","Creative Commons Attribution 1.0 Generic","CC-BYND-1-0","CC-BY-1-0","Creative Commons Attribution 1.0 Generic","Label","0.14254391688025514e0"
"http://publications.europa.eu/resource/authority/licence/CC_BYND_2_0","http://creativecommons.org/licenses/by-nd/2.0/","https://spdx.org/licenses/CC-BY-2.0","Creative Commons Attribution–NoDerivs 2.0 Generic","Creative Commons Attribution 2.0 Generic","CC-BYND-2-0","CC-BY-2-0","Creative Commons Attribution 2.0 Generic","Label","0.14254391688025514e0"
"http://publications.europa.eu/resource/authority/licence/CC_BYND_2_5","http://creativecommons.org/licenses/by-nd/2.5/","https://spdx.org/licenses/CC-BY-2.5","Creative Commons Attribution–NoDerivs 2.5 Generic","Creative Commons Attribution 2.5 Generic","CC-BYND-2-5","CC-BY-2-5","Creative Commons Attribution 2.5 Generic","Label","0.14254391688025514e0"
"http://publications.europa.eu/resource/authority/licence/CC_BYND_3_0","http://creativecommons.org/licenses/by-nd/3.0/","https://spdx.org/licenses/CC-BY-3.0","Creative Commons Attribution–NoDerivs 3.0 Unported","Creative Commons Attribution 3.0 Unported","CC-BYND-3-0","CC-BY-3-0","Creative Commons Attribution 3.0 Unported","Label","0.14483719748610502e0"
"http://publications.europa.eu/resource/authority/licence/CC_BYNCSA",,"https://spdx.org/licenses/CC-BY-NC-SA-4.0","Creative Commons Attribution–NonCommercial–ShareAlike 4.0 International","Creative Commons Attribution Non Commercial Share Alike 4.0 International","CC-BYNCSA","CC-BY-NC-SA-4-0","Creative Commons Attribution Non Commercial Share Alike 4.0 International","Label","0.14576958298060372e0"
"http://publications.europa.eu/resource/authority/licence/CC_BYNCSA_4_0","http://creativecommons.org/licenses/by-nc-sa/4.0/","https://spdx.org/licenses/CC-BY-NC-SA-4.0","Creative Commons Attribution–NonCommercial–ShareAlike 4.0 International","Creative Commons Attribution Non Commercial Share Alike 4.0 International","CC-BYNCSA-4-0","CC-BY-NC-SA-4-0","Creative Commons Attribution Non Commercial Share Alike 4.0 International","Label","0.14576958298060372e0"
"http://publications.europa.eu/resource/authority/licence/DLDE_ZERO_2_0","https://www.govdata.de/dl-de/by-2-0","https://spdx.org/licenses/DL-DE-ZERO-2.0","Data licence Germany – Zero – Version 2.0","Data licence Germany – zero – version 2.0","DLDE-ZERO-2-0","DL-DE-ZERO-2-0","Data licence Germany – zero – version 2.0","Label","0.14634146341463417e0"
"http://publications.europa.eu/resource/authority/licence/CC_BYNCND",,"https://spdx.org/licenses/CC-BY-NC-ND-4.0","Creative Commons Attribution–NonCommercial–NoDerivatives 4.0 International","Creative Commons Attribution Non Commercial No Derivatives 4.0 International","CC-BYNCND","CC-BY-NC-ND-4-0","Creative Commons Attribution Non Commercial No Derivatives 4.0 International","Label","0.1469429679609522e0"
"http://publications.europa.eu/resource/authority/licence/CC_BYNCND_4_0","http://creativecommons.org/licenses/by-nc-nd/4.0/","https://spdx.org/licenses/CC-BY-NC-ND-4.0","Creative Commons Attribution–NonCommercial–NoDerivatives 4.0 International","Creative Commons Attribution Non Commercial No Derivatives 4.0 International","CC-BYNCND-4-0","CC-BY-NC-ND-4-0","Creative Commons Attribution Non Commercial No Derivatives 4.0 International","Label","0.1469429679609522e0"
"http://publications.europa.eu/resource/authority/licence/EU_DATAGRID","https://opensource.org/licenses/EUDatagrid","https://spdx.org/licenses/EUDatagrid","EU DataGrid Software License (EUDatagrid)","EU DataGrid Software License","EU-DATAGRID","EUDATAGRID","EU DataGrid Software License","Label","0.15217724800320498e0"
"http://publications.europa.eu/resource/authority/licence/CC_BYNCSA_3_0","http://creativecommons.org/licenses/by-nc-sa/3.0/","https://spdx.org/licenses/CC-BY-NC-SA-3.0","Creative Commons Attribution–NonCommercial–ShareAlike 3.0 Unported","Creative Commons Attribution Non Commercial Share Alike 3.0 Unported","CC-BYNCSA-3-0","CC-BY-NC-SA-3-0","Creative Commons Attribution Non Commercial Share Alike 3.0 Unported","Label","0.16827128520896362e0"
"http://publications.europa.eu/resource/authority/licence/CC_BYNCSA_1_0","http://creativecommons.org/licenses/by-nc-sa/1.0/","https://spdx.org/licenses/CC-BY-NC-SA-1.0","Creative Commons Attribution–NonCommercial–ShareAlike 1.0 Generic","Creative Commons Attribution Non Commercial Share Alike 1.0 Generic","CC-BYNCSA-1-0","CC-BY-NC-SA-1-0","Creative Commons Attribution Non Commercial Share Alike 1.0 Generic","Label","0.17066658865300344e0"
"http://publications.europa.eu/resource/authority/licence/CC_BYNCSA_2_0","http://creativecommons.org/licenses/by-nc-sa/2.0/","https://spdx.org/licenses/CC-BY-NC-SA-2.0","Creative Commons Attribution–NonCommercial–ShareAlike 2.0 Generic","Creative Commons Attribution Non Commercial Share Alike 2.0 Generic","CC-BYNCSA-2-0","CC-BY-NC-SA-2-0","Creative Commons Attribution Non Commercial Share Alike 2.0 Generic","Label","0.17066658865300344e0"
"http://publications.europa.eu/resource/authority/licence/CC_BYNCSA_2_5","http://creativecommons.org/licenses/by-nc-sa/2.5/","https://spdx.org/licenses/CC-BY-NC-SA-2.5","Creative Commons Attribution–NonCommercial–ShareAlike 2.5 Generic","Creative Commons Attribution Non Commercial Share Alike 2.5 Generic","CC-BYNCSA-2-5","CC-BY-NC-SA-2-5","Creative Commons Attribution Non Commercial Share Alike 2.5 Generic","Label","0.17066658865300344e0"
"http://publications.europa.eu/resource/authority/licence/CC_BYNCND_1_0","http://creativecommons.org/licenses/by-nd-nc/1.0/","https://spdx.org/licenses/CC-BY-NC-1.0","Creative Commons Attribution–NoDerivs–NonCommercial 1.0 Generic","Creative Commons Attribution Non Commercial 1.0 Generic","CC-BYNCND-1-0","CC-BY-NC-1-0","Creative Commons Attribution Non Commercial 1.0 Generic","Label","0.18306706209042e0"
"http://publications.europa.eu/resource/authority/licence/CC0","http://creativecommons.org/publicdomain/zero/1.0/","https://spdx.org/licenses/CC0-1.0","Creative Commons CC0 1.0 Universal","Creative Commons Zero v1.0 Universal","CC0","CC0-1-0","Creative Commons Zero v1.0 Universal","Label","0.19967326933495888e0"
"http://publications.europa.eu/resource/authority/licence/CC_BYNCND_2_0","http://creativecommons.org/licenses/by-nc-nd/2.0/","https://spdx.org/licenses/CC-BY-NC-2.0","Creative Commons Attribution–NonCommercial–NoDerivs 2.0 Generic","Creative Commons Attribution Non Commercial 2.0 Generic","CC-BYNCND-2-0","CC-BY-NC-2-0","Creative Commons Attribution Non Commercial 2.0 Generic","Label","0.21389472012474375e0"
"http://publications.europa.eu/resource/authority/licence/CC_BYNCND_2_5","http://creativecommons.org/licenses/by-nc-nd/2.5/","https://spdx.org/licenses/CC-BY-NC-2.5","Creative Commons Attribution–NonCommercial–NoDerivs 2.5 Generic","Creative Commons Attribution Non Commercial 2.5 Generic","CC-BYNCND-2-5","CC-BY-NC-2-5","Creative Commons Attribution Non Commercial 2.5 Generic","Label","0.21389472012474375e0"
"http://publications.europa.eu/resource/authority/licence/POSTGRE_SQL","https://opensource.org/licenses/PostgreSQL","https://spdx.org/licenses/PostgreSQL","The PostgreSQL Licence (PostgreSQL)","PostgreSQL License","POSTGRE-SQL","POSTGRESQL","PostgreSQL License","Label","0.2142857142857143e0"
"http://publications.europa.eu/resource/authority/licence/CC_BYNCND_3_0","http://creativecommons.org/licenses/by-nc-nd/3.0/","https://spdx.org/licenses/CC-BY-NC-3.0","Creative Commons Attribution–NonCommercial–NoDerivs 3.0 Unported","Creative Commons Attribution Non Commercial 3.0 Unported","CC-BYNCND-3-0","CC-BY-NC-3-0","Creative Commons Attribution Non Commercial 3.0 Unported","Label","0.21454759286703573e0"
"http://publications.europa.eu/resource/authority/licence/DLDE_BYNC_1_0","https://www.govdata.de/dl-de/by-nc-1-0","https://spdx.org/licenses/DL-DE-BY-2.0","Data licence Germany – attribution – non-commercial – Version 1.0","Data licence Germany – attribution – version 2.0","DLDE-BYNC-1-0","DL-DE-BY-2-0","Data licence Germany – attribution – version 2.0","Label","0.2209270322065653e0"
"http://publications.europa.eu/resource/authority/licence/EFL_2","https://opensource.org/licenses/EFL-2.0","https://spdx.org/licenses/EFL-2.0","Eiffel Forum License, version 2","Eiffel Forum License v2.0","EFL-2","EFL-2-0","EFL-2-0","ID","0.2254033307585166e0"
"http://publications.europa.eu/resource/authority/licence/CC_BYSA_3_0_NL","http://creativecommons.org/licenses/by-sa/3.0/nl/legalcode/","https://spdx.org/licenses/CC-BY-3.0-NL","Attribution-ShareAlike 3.0 Netherlands ","Creative Commons Attribution 3.0 Netherlands","CC-BYSA-3-0-NL","CC-BY-3-0-NL","CC-BY-3-0-NL","ID","0.26970325665977857e0"
"http://publications.europa.eu/resource/authority/licence/IODL_1_0","http://www.formez.it/iodl/","https://spdx.org/licenses/CDL-1.0","Italian Open Data License v1.0","Common Documentation License 1.0","IODL-1-0","CDL-1-0","CDL-1-0","ID","0.26970325665977857e0"
"http://publications.europa.eu/resource/authority/licence/IODL_2_0","https://www.dati.gov.it/content/italian-open-data-license-v20","https://spdx.org/licenses/ODbL-1.0","Italian Open Data License v2.0","Open Data Commons Open Database License v1.0","IODL-2-0","ODBL-1-0","Open Data Commons Open Database License v1.0","Label","0.37963541626816866e0"
"http://publications.europa.eu/resource/authority/licence/CC_PDM_1_0","http://creativecommons.org/publicdomain/mark/1.0/","https://spdx.org/licenses/SAX-PD","Public Domain Mark 1.0","Sax Public Domain Notice","CC-PDM-1-0","SAX-PD","Sax Public Domain Notice","Label","0.42792244645264466e0"
"http://publications.europa.eu/resource/authority/licence/BSD_PLUS_PATENT","https://opensource.org/licenses/BSDplusPatent","https://spdx.org/licenses/BSD-2-Clause-Patent","BSD+Patent","BSD-2-Clause Plus Patent License","BSD-PLUS-PATENT","BSD-2-CLAUSE-PATENT","BSD-2-CLAUSE-PATENT","ID","0.5291290442025812e0"
"http://publications.europa.eu/resource/authority/licence/EUROGEO_2022","https://www.mapsforeurope.org/licence","https://spdx.org/licenses/ODbL-1.0","EuroGeographics Open Data Licence v.2022","Open Data Commons Open Database License v1.0","EUROGEO-2022","ODBL-1-0","Open Data Commons Open Database License v1.0","Label","0.5313842448734645e0"
"http://publications.europa.eu/resource/authority/licence/ISA_OML_1_1","https://joinup.ec.europa.eu/licence/isa-open-metadata-licence-v11","https://spdx.org/licenses/AFL-1.1","ISA Open Metadata Licence 1.1","Academic Free License v1.1","ISA-OML-1-1","AFL-1-1","AFL-1-1","ID","0.5527864045000421e0"
"http://publications.europa.eu/resource/authority/licence/ISA_OML_1_1","https://joinup.ec.europa.eu/licence/isa-open-metadata-licence-v11","https://spdx.org/licenses/DRL-1.1","ISA Open Metadata Licence 1.1","Detection Rule License 1.1","ISA-OML-1-1","DRL-1-1","DRL-1-1","ID","0.5527864045000421e0"
"http://publications.europa.eu/resource/authority/licence/ISA_OML_1_1","https://joinup.ec.europa.eu/licence/isa-open-metadata-licence-v11","https://spdx.org/licenses/MPL-1.1","ISA Open Metadata Licence 1.1","Mozilla Public License 1.1","ISA-OML-1-1","MPL-1-1","MPL-1-1","ID","0.5527864045000421e0"
"http://publications.europa.eu/resource/authority/licence/ISA_OML_1_1","https://joinup.ec.europa.eu/licence/isa-open-metadata-licence-v11","https://spdx.org/licenses/NPL-1.1","ISA Open Metadata Licence 1.1","Netscape Public License v1.1","ISA-OML-1-1","NPL-1-1","NPL-1-1","ID","0.5527864045000421e0"
"http://publications.europa.eu/resource/authority/licence/ISA_OML_1_1","https://joinup.ec.europa.eu/licence/isa-open-metadata-licence-v11","https://spdx.org/licenses/OFL-1.1","ISA Open Metadata Licence 1.1","SIL Open Font License 1.1","ISA-OML-1-1","OFL-1-1","OFL-1-1","ID","0.5527864045000421e0"
"http://publications.europa.eu/resource/authority/licence/ISA_OML","https://joinup.ec.europa.eu/licence/isa-open-metadata-licence-v11","https://spdx.org/licenses/OML","ISA Open Metadata Licence 1.1","Open Market License","ISA-OML","OML","OML","ID","0.5527864045000421e0"
"http://publications.europa.eu/resource/authority/licence/ISA_OML_1_1","https://joinup.ec.europa.eu/licence/isa-open-metadata-licence-v11","https://spdx.org/licenses/OSL-1.1","ISA Open Metadata Licence 1.1","Open Software License 1.1","ISA-OML-1-1","OSL-1-1","OSL-1-1","ID","0.5527864045000421e0"
"http://publications.europa.eu/resource/authority/licence/ISA_OML_1_1","https://joinup.ec.europa.eu/licence/isa-open-metadata-licence-v11","https://spdx.org/licenses/RPL-1.1","ISA Open Metadata Licence 1.1","Reciprocal Public License 1.1","ISA-OML-1-1","RPL-1-1","RPL-1-1","ID","0.5527864045000421e0"
"http://publications.europa.eu/resource/authority/licence/ISA_OML_1_1","https://joinup.ec.europa.eu/licence/isa-open-metadata-licence-v11","https://spdx.org/licenses/YPL-1.1","ISA Open Metadata Licence 1.1","Yahoo! Public License v1.1","ISA-OML-1-1","YPL-1-1","YPL-1-1","ID","0.5527864045000421e0"
"http://publications.europa.eu/resource/authority/licence/ISA_OML_1_1","https://joinup.ec.europa.eu/licence/isa-open-metadata-licence-v11","https://spdx.org/licenses/ZPL-1.1","ISA Open Metadata Licence 1.1","Zope Public License 1.1","ISA-OML-1-1","ZPL-1-1","ZPL-1-1","ID","0.5527864045000421e0"
"http://publications.europa.eu/resource/authority/licence/PSEUL","https://www.ordnancesurvey.co.uk/documents/licensing/inspire-end-user-licence.pdf","https://spdx.org/licenses/Spencer-86","INSPIRE End User Licence","Spencer License 86","PSEUL","SPENCER-86","Spencer License 86","Label","0.5735985672887791e0"
"http://publications.europa.eu/resource/authority/licence/PSEUL","https://www.ordnancesurvey.co.uk/documents/licensing/inspire-end-user-licence.pdf","https://spdx.org/licenses/Spencer-94","INSPIRE End User Licence","Spencer License 94","PSEUL","SPENCER-94","Spencer License 94","Label","0.5735985672887791e0"
"http://publications.europa.eu/resource/authority/licence/PSEUL","https://www.ordnancesurvey.co.uk/documents/licensing/inspire-end-user-licence.pdf","https://spdx.org/licenses/Spencer-99","INSPIRE End User Licence","Spencer License 99","PSEUL","SPENCER-99","Spencer License 99","Label","0.5735985672887791e0"
"http://publications.europa.eu/resource/authority/licence/HROD","http://data.gov.hr/open-licence-republic-croatia","https://spdx.org/licenses/OPL-1.0","Open Licence – The Republic of Croatia","Open Public License v1.0","HROD","OPL-1-0","Open Public License v1.0","Label","0.6091320200147141e0"
"http://publications.europa.eu/resource/authority/licence/COM_REUSE","http://data.europa.eu/eli/dec/2011/833/oj","https://spdx.org/licenses/SGP4","European Commission reuse notice","SGP4 Permission Notice","COM-REUSE","SGP4","SGP4 Permission Notice","Label","0.6325765385825233e0"
"http://publications.europa.eu/resource/authority/licence/CLARIN_ACA_1_0","https://www.clarin.eu/content/licenses-and-clarin-categories","https://spdx.org/licenses/AFL-1.1","Clarin Academic End-User Licence (ACA) 1.0","Academic Free License v1.1","CLARIN-ACA-1-0","AFL-1-1","Academic Free License v1.1","Label","0.6449765265976535e0"
"http://publications.europa.eu/resource/authority/licence/CLARIN_ACA_1_0","https://www.clarin.eu/content/licenses-and-clarin-categories","https://spdx.org/licenses/AFL-1.2","Clarin Academic End-User Licence (ACA) 1.0","Academic Free License v1.2","CLARIN-ACA-1-0","AFL-1-2","Academic Free License v1.2","Label","0.6449765265976535e0"
"http://publications.europa.eu/resource/authority/licence/CLARIN_ACA_1_0","https://www.clarin.eu/content/licenses-and-clarin-categories","https://spdx.org/licenses/AFL-2.0","Clarin Academic End-User Licence (ACA) 1.0","Academic Free License v2.0","CLARIN-ACA-1-0","AFL-2-0","Academic Free License v2.0","Label","0.6449765265976535e0"
"http://publications.europa.eu/resource/authority/licence/CLARIN_ACA_1_0","https://www.clarin.eu/content/licenses-and-clarin-categories","https://spdx.org/licenses/AFL-2.1","Clarin Academic End-User Licence (ACA) 1.0","Academic Free License v2.1","CLARIN-ACA-1-0","AFL-2-1","Academic Free License v2.1","Label","0.6449765265976535e0"
"http://publications.europa.eu/resource/authority/licence/CLARIN_ACA_1_0","https://www.clarin.eu/content/licenses-and-clarin-categories","https://spdx.org/licenses/AFL-3.0","Clarin Academic End-User Licence (ACA) 1.0","Academic Free License v3.0","CLARIN-ACA-1-0","AFL-3-0","Academic Free License v3.0","Label","0.6449765265976535e0"
"http://publications.europa.eu/resource/authority/licence/OP_DATPRO",,"https://spdx.org/licenses/C-UDA-1.0","Provisional data","Computational Use of Data Agreement v1.0","OP-DATPRO","C-UDA-1-0","Computational Use of Data Agreement v1.0","Label","0.7832225076189699e0"